model,stage,fold_mean,fold_std,roc_auc_mean,roc_auc_std,accuracy_mean,accuracy_std,precision_mean,precision_std,recall_mean,recall_std,f1_mean,f1_std,roc_auc_gap_mean
LightGBM,validation,3.0,1.5811388300841898,0.687002344113593,0.0032982472180718247,0.63262,0.003291390283755513,0.6243525669089822,0.0027385910761139032,0.6495500706835506,0.007937130931849206,0.6366868069963278,0.004645118070089208,0.027171769593310358
XGBoost,validation,3.0,1.5811388300841898,0.6773994362584597,0.0043409671327362676,0.62441,0.003866749280726636,0.6116264055984719,0.0030826665740854887,0.663472092189946,0.010522285925914024,0.636467558571812,0.005709193270202762,0.01354529326588505
CatBoost,validation,3.0,1.5811388300841898,0.6715300095826682,0.0041488456616810875,0.61956,0.004322672784285204,0.6064863930609142,0.0037185842309440764,0.6617770181694544,0.007841149524403325,0.6329156302024008,0.005105995963188158,0.00944831160023829
Random Forest,validation,3.0,1.5811388300841898,0.6606240687947953,0.004656695191565481,0.6126699999999999,0.004340161287325599,0.6014329271155368,0.004119443599282949,0.6477946553090987,0.006995671758412429,0.6237419482480638,0.004723132239886922,0.339375924079658
Logistic Regression,validation,3.0,1.5811388300841898,0.656808690118998,0.001547412572975893,0.61382,0.0009737812896128028,0.6128624883002238,0.0008650658109064642,0.5995320181462501,0.0032173344241202147,0.6061204740127015,0.0017489065944561117,0.0069581640280516055
