feature,formula,null_count,null_pct,mean,std,min,25%,50%,75%,max
revenue_gap,avg3rev - avg6rev,2839,2.839,0.3987711118658721,19.14635529524637,-774.0,-3.0,0.0,3.0,738.0
revenue_per_usage,rev_Mean / (mou_Mean + 1),357,0.357,0.7456883475459827,4.132132270210647,-6.1675,0.08980333392343098,0.14019698725376592,0.25751046218781115,163.23
service_issue_score,drop_vce_Mean + blck_vce_Mean + drop_blk_Mean,0,0.0,20.022299999948117,30.58008957760633,0.0,3.333333334,10.666666666000001,24.666666663999997,839.99999997
support_intensity,custcare_Mean + ccrndmou_Mean + cc_mou_Mean,0,0.0,10.14104624996813,27.620690771390695,0.0,0.0,0.0,9.0,2139.6166666
trend_gap,avg3mou - avg6mou,2839,2.839,6.577824435730386,145.3140080245687,-2528.0,-37.0,2.0,50.0,2284.0
usage_to_charge,mou_Mean / totmrc_Mean,686,0.6859999999999999,11.338052032296298,30.390763075686404,-6430.30303030303,4.168056018672891,8.558360658183265,14.677329957447386,833.0
