roc_auc_oof,accuracy_oof,precision_oof,recall_oof,f1_oof,tn,fp,fn,tp
0.6950061065005984,0.63904,0.6334747442708746,0.6447479924135426,0.639061656300622,31949,18489,17607,31955
