,predicted_0_retained,predicted_1_churn
actual_0_retained,0.6334311431856934,0.3665688568143067
actual_1_churn,0.35525200758645736,0.6447479924135426
